Lead ID,Priorität,Lead Score,Firmenname,Vorname Entscheider,Nachname Entscheider,Position Entscheider,Ort,Adresse,Telefonnummer,Direkte Telefonnummer Entscheider,E-Mail,Website,Quelle Entscheider,Quelle Kontaktdaten,Dienstleistungsangebot,Website Score,Konkrete Website-Schwächen,Grösste Verkaufschance,Empfohlenes Website-Paket,Website-Listenpreis CHF,Potenzielle Agents,Begründung Agents,Agent-Upsell-Potenzial,Google-Bewertungen / Reputation Hinweis,Besonderer Gesprächsaufhänger,Call-Status,Entscheider erreicht?,Datum letzter Anruf,Hat abgenommen?,Ergebnis Opener-Call,Haupteinwand,Closer-Call vereinbart?,Closer-Call Datum,Closer-Call Uhrzeit,Zoom-Link gesendet?,Closing Probability %,Nächster Schritt,Follow-up Datum,Anzahl Kontaktversuche,Verkaufsstatus,Notizen
BE-002,A,9,HUMAIR GmbH (Humair Umzüge & Transporte),Karin Monica,Arter-Humair,Gesellschafterin & Geschäftsführerin,Biel/Bienne,"Chemin de la Pierre-aux-Sarrasins 6, 2504 Biel/Bienne (HR-Sitz: Heidensteinweg 6, 2504 Biel)",032 341 45 35,Nicht gefunden,container@humair.gmbh,https://www.humair.gmbh,"Handelsregister BE / Moneyhouse (UID CHE-297.293.396), zusätzlich Thomas Arter als GF eingetragen","Firmenwebsite humair.gmbh, search.ch, local.ch","Umzüge, Transporte, Möbellift bis 29 m, Kranarbeiten, Containerlogistik, Möbeleinlagerung",1,Zahlreiche kaputte Bildreferenzen auf der Startseite; doppelte Inhaltsblöcke; unverständlicher gemischter DE/FR-Textblock; keine vollständige Firmenadresse auf der Website; veraltete HTML-Struktur ohne erkennbares Responsive-Layout,"Traditionsbetrieb seit 1955 mit teurer Spezialausrüstung (Möbellift 29 m, Kran), dessen Website den Wert dieser Leistungen praktisch unsichtbar macht.",Website Business,2790,SEO; Funnel; Google-Bewertungen-AI-Agent,"SEO – hohe Relevanz, da die Website technisch und inhaltlich kaum auffindbar strukturiert ist und lokale Sichtbarkeit für 'Umzugsfirma Biel' fehlt. Funnel – kein Offertenprozess vorhanden, Anfragen laufen nur über eine E-Mail-Verfügbarkeitsanfrage. Google-Bewertungen-AI-Agent – Betrieb seit 1955 mit Google-Eintrag, Reputation wird online nicht bewirtschaftet.",Ja,Google-Business-Eintrag über local.ch/search.ch vorhanden; auf der Website werden keinerlei Bewertungen oder Referenzen gezeigt.,Auf Ihrer Website laden mehrere Bilder nicht und ein Textblock vermischt Deutsch und Französisch – Ihr Möbellift bis 29 Meter kommt dadurch online gar nicht zur Geltung.,Noch nicht angerufen,Offen,,Offen,,,Nein,,,,,Erstkontakt Opener-Call,,0,Neuer Lead,
BE-005,A,9,Hofmann Umzüge Worb (R. Hofmann Umzüge),Rudolf,Hofmann,Inhaber,Worb,"Rütiweg 20, 3076 Worb",031 839 06 69,Nicht gefunden,hofmann-transporte@gmx.ch,https://www.rudolfhofmann.ch,"Firmierung 'R.Hofmann Umzüge Worb – Rudolf Hofmann' in öffentlichen Branchenverzeichnissen (local.ch, daibau.ch, die-umzuege.ch)","Firmenwebsite rudolfhofmann.ch (Impressum), search.ch","Umzüge, Räumungen, Möbeltransporte, Möbellift, Umzugsreinigung mit Abnahmegarantie, Unterhaltsreinigung, Entsorgung, Muldenservice, Einlagerung, Flohmarkt",2,"Veraltetes, bildlastiges Baukasten-Layout ohne klare Nutzerführung; kein Offerten- oder Kontaktformular (Aufforderung nur 'Rufen Sie uns an'); Social-Media-Icons sind reine Platzhalter ohne funktionierendes Ziel; Geschäfts-E-Mail läuft über eine GMX-Freemail-Adresse; keine Bewertungen, Referenzen oder Teamangaben; keine Copyright-/Aktualitätsangabe",Sehr breites Leistungsangebot inkl. Muldenservice und Abnahmegarantie – online ist davon fast nichts strukturiert verkauft.,Website Business,2790,Funnel; SEO; Google-Bewertungen-AI-Agent,"Funnel – der einzige Weg zur Offerte ist ein Telefonanruf; ein Online-Anfrageprozess würde die Auslastung planbarer machen. SEO – Muldenservice und Umzugsreinigung sind eigene Suchintentionen, die aktuell keine eigene Seite haben. Google-Bewertungen-AI-Agent – in Portalen wird der Betrieb gelobt, die Bewertungen werden aber nicht bewirtschaftet.",Ja,"In Vergleichsportalen positiv erwähnt (pünktlich, sauber, faire Preise); auf der eigenen Website sind keine Bewertungen eingebunden.",Ihre Website bietet keine Offertenanfrage – Interessenten müssen anrufen – und Ihre Geschäftsmails laufen noch über eine GMX-Adresse.,Noch nicht angerufen,Offen,,Offen,,,Nein,,,,,Erstkontakt Opener-Call,,0,Neuer Lead,
BE-006,A,9,Kellenberger Transporte GmbH (Kellenberger Umzüge),Cornelia,Nussbaum,Gesellschafterin & Geschäftsführerin,Gümligen (Muri bei Bern),"Tannackerstrasse 25, 3073 Gümligen",031 961 01 65,Nicht gefunden,info@kellenberger-umzuege.ch,https://www.kellenberger-umzuege.ch,Handelsregister BE / Moneyhouse (UID CHE-355.603.333); Bettina Nussbaum-Jedlicka als weitere Geschäftsführerin eingetragen,"Firmenwebsite kellenberger-umzuege.ch, search.ch, local.ch","Privatumzüge, Geschäftsumzüge, Spezial-/Schwertransporte, Klein- und Expresstransporte, Räumungen, Entsorgung, Einlagerung, Reinigung, Foodtruck-Transporte",2,"Veraltetes Layout ohne erkennbares Responsive-Verhalten; Zeichensatzfehler bei Umlauten in der Navigation; keine vollständige Firmenadresse auf der Website; Copyright-Angabe 2026 (Template-Fehler); keine Kundenbewertungen, Referenzen oder Zertifikate; keine Teamvorstellung trotz Familienbetrieb",Sehr breites Transportportfolio inkl. Schwertransporten und Foodtrucks – auf der Website weder erklärt noch verkauft.,Website Business,2790,SEO; Funnel; Google-Bewertungen-AI-Agent,"SEO – Spezialtransporte und Schwertransporte sind hochwertige Suchbegriffe, für die keine eigene Seite existiert. Funnel – der Offertenlink führt nicht in eine strukturierte Anfragestrecke. Google-Bewertungen-AI-Agent – etablierter Betrieb mit Verzeichniseinträgen, aber ohne aktives Bewertungsmanagement.",Ja,Verzeichniseinträge auf local.ch/search.ch vorhanden; keine Bewertungen auf der eigenen Website.,In Ihrer Navigation werden die Umlaute falsch dargestellt und im Footer steht 2026 – dabei sind Ihre Schwer- und Spezialtransporte online gar nicht erklärt.,Noch nicht angerufen,Offen,,Offen,,,Nein,,,,,Erstkontakt Opener-Call,,0,Neuer Lead,
BE-007,A,9,SCreinigung und Umzug GmbH,Cvetko,Sajn,Geschäftsführer,Aarwangen,"Bannfeldstrasse 6, 4912 Aarwangen",062 922 17 05,"078 216 67 87 (Mobilnummer, als Firmenkontakt publiziert)",info.sc.reinigung@mail.ch,https://screinigung.ch,"Handelsregister BE / Moneyhouse (UID CHE-391.267.774), Gründung 01.09.2022; VR-Präsidentin Milanka Sajn, Geschäftsführer Cvetko Sajn","Firmenwebsite screinigung.ch, search.ch, local.ch","Umzug & Transport, Umzugsreinigung mit 100% Abnahmegarantie, Baureinigung, Spezialreinigung, Facility Management, Entsorgung",2,"Optisch stark veraltetes Layout im Stil früher 2000er-Jahre ohne visuelle Hierarchie; keine vollständige Firmenadresse auf der Seite; trotz starker Offerten-Aufforderung kein eingebettetes Formular; kein Inhaber/Verantwortlicher genannt; Fotogalerie verlinkt, aber ohne aussagekräftige Referenzbilder; defektes Navigationselement im Quelltext; Geschäftsmail über generischen mail.ch-Freemail-Dienst","Die 100%-Abnahmegarantie ist ein starkes Verkaufsargument, das auf der veralteten Seite völlig untergeht.",Website Essential,1790,Funnel; SEO,"Funnel – die Seite ruft zur Offerte auf, bietet aber keine Eingabemöglichkeit; ein Anfrageprozess wäre der schnellste Umsatzhebel. SEO – Aarwangen/Langenthal/Oberaargau sind gut besetzbare lokale Suchräume, die aktuell nicht bedient werden.",Ja,Facebook-Seite vorhanden; Google-Bewertungen auf der Website nicht eingebunden.,"Ihre 100%-Abnahmegarantie ist ein starkes Argument – auf Ihrer Website kann man dazu aber gar keine Offerte anfordern, weil kein Formular vorhanden ist.",Noch nicht angerufen,Offen,,Offen,,,Nein,,,,,Erstkontakt Opener-Call,,0,Neuer Lead,
BE-008,A,9,Sana Umzug GmbH,Saleh,Mohammadpour,Gesellschafter & Geschäftsführer (Einzelunterschrift),Köniz,"Schwarzenburgstrasse 234, 3098 Köniz",079 281 21 18,"079 281 21 18 (Mobilnummer, als Firmenkontakt publiziert)",info@sana-umzug.ch,https://sana-umzug.ch,"Handelsregister BE / Moneyhouse (UID CHE-115.880.090), Gründung 04.08.2010","Firmenwebsite sana-umzug.ch, search.ch, local.ch","Umzüge, Räumungen, Entsorgung, Umzugsreinigung mit Abnahmegarantie",2,"Durchgehend nicht ladende SVG-Platzhalter statt echter Bilder; die Seite verweist auf ein Formular ('Bitte füllen Sie das Formular vollständig aus'), es ist aber kein Formular sichtbar; Copyright-Angabe 2026 (Template-Fehler); sehr flache Seitenstruktur ohne eigene Leistungsseiten; WhatsApp-Button nicht sauber eingebunden","Seit 2010 im Handelsregister, Geschäftsführer klar benannt – die Website unterläuft diese Substanz komplett.",Website Essential,1790,Funnel; SEO; Google-Bewertungen-AI-Agent,"Funnel – die Seite verspricht ein Offertenformular, das gar nicht existiert; das ist der direkteste Conversion-Verlust. SEO – für 'Umzugsfirma Köniz/Bern' fehlt jede Seitenstruktur. Google-Bewertungen-AI-Agent – in Portalen wird 4.8/5 ausgewiesen, auf der Website wird das nicht genutzt.",Ja,In Vergleichsportalen mit 4.8/5 als eine der bestbewerteten Umzugsfirmen im Kanton Bern geführt; auf der eigenen Website nicht eingebunden.,"Ihre Website fordert Besucher auf, 'das Formular vollständig auszufüllen' – ein Formular ist aber gar nicht vorhanden, und die Bilder laden nicht.",Noch nicht angerufen,Offen,,Offen,,,Nein,,,,,Erstkontakt Opener-Call,,0,Neuer Lead,
BE-009,A,9,Simsek Liegenschaftsdienste & Umzüge GmbH,Sibel,Simsek,Geschäftsführerin,Ostermundigen,"Mitteldorfstrasse 49, 3072 Ostermundigen",077 212 60 16,"077 212 60 16 (Mobilnummer, als Firmenkontakt publiziert)",Nicht gefunden,https://www.simsek.gmbh,"Handelsregister BE / Moneyhouse (UID CHE-222.385.531), Gründung 2024","search.ch, moneyhouse.ch","Umzüge, Liegenschaftsdienste, Reinigung, Hauswartung, Renovation, Gartenarbeiten",2,"Die Website liefert HTTP 526 – das SSL-Zertifikat der Ursprungsserver ist ungültig, Besucher erhalten eine Sicherheitswarnung statt der Seite; keine gültige HTTPS-Verbindung; dadurch weder Leistungsdarstellung noch Offertenformular nutzbar; keine E-Mail-Adresse öffentlich auffindbar","Junges Unternehmen mit Umzügen als eingetragenem Zweck, das mit einer sicheren, funktionierenden Website sofort Anfragen abholen könnte.",Website Essential,1790,Funnel; SEO; Insta-Agent,"Funnel – es fehlt eine funktionsfähige Anfragestrecke komplett. SEO – als Neugründung 2024 ist lokale Auffindbarkeit in Ostermundigen/Bern der wichtigste Wachstumshebel. Insta-Agent – das Unternehmen betreibt bereits ein Instagram-Profil (simsek.gmbh), das systematisch bespielt werden könnte.",Ja,Instagram-Profil vorhanden; Google-Bewertungen nicht verifizierbar.,Ihre Seite simsek.gmbh zeigt Besuchern derzeit eine SSL-Sicherheitswarnung statt Ihrer Leistungen – das kostet gerade bei Neukunden sofort Vertrauen.,Noch nicht angerufen,Offen,,Offen,,,Nein,,,,,Erstkontakt Opener-Call,,0,Neuer Lead,
BE-011,A,9,DANI-Transport (Inh. Danijela Janjic),Danijela,Janjic,Inhaberin,Bern,"Balthasarstrasse 17, 3027 Bern",031 991 46 48,"076 567 95 59 (Mobilnummer, auf der Firmenwebsite publiziert)",info@dani-transport.ch,https://dani-transport.ch,Firmenwebsite dani-transport.ch (Firmierung als Einzelunternehmen Janjic Danijela),"Firmenwebsite dani-transport.ch, search.ch, local.ch","Privat- und Geschäftsumzüge, Ein-/Auspackservice, Einzelmöbeltransporte, interne Umzüge, Möbelmontage, Hauswartung, Winterdienst, Treppenhaus- und Wohnungsreinigung, Gartenpflege, Entsorgung",3,"Optisch veraltete Aufmachung mit Stockfoto-Slidern ohne eigenes Bildmaterial; ein Bereich 'Referenzen' wird erwähnt, aber nicht dargestellt; keine Kundenbewertungen sichtbar; die Preistabelle bricht unvollständig ab; keine Copyright-/Aktualitätsangabe","Sehr breites Dienstleistungsspektrum (Umzug, Hauswartung, Reinigung, Garten) – online werden die Bereiche nicht sauber getrennt und verkauft.",Website Business,2790,Funnel; SEO; Google-Bewertungen-AI-Agent,"Funnel – die abgebrochene Preistabelle und der fehlende Anfrageprozess verhindern Conversion genau am Entscheidungspunkt. SEO – Umzug, Hauswartung und Reinigung brauchen eigene Landingpages, um in Bern gefunden zu werden. Google-Bewertungen-AI-Agent – Referenzen werden angekündigt, aber nicht gezeigt.",Ja,"Referenzen werden erwähnt, sind aber auf der Website nicht abrufbar; keine Bewertungen eingebunden.",Ihre Preistabelle bricht mitten in der Darstellung ab und der angekündigte Referenzbereich ist nicht abrufbar – genau dort steigen Interessenten aus.,Noch nicht angerufen,Offen,,Offen,,,Nein,,,,,Erstkontakt Opener-Call,,0,Neuer Lead,
BE-012,A,9,Rupp Umzüge GmbH,Fritz,Rupp,Gesellschafter & Geschäftsführer,Rüegsauschachen,"Lützelflühstrasse 67, 3415 Rüegsauschachen",079 560 26 52,"079 560 26 52 (Mobilnummer, auf der Firmenwebsite publiziert)",info@rupp-umzuege.ch,https://www.rupp-umzuege.ch,"Handelsregister BE / Moneyhouse (UID CHE-391.605.144), Gründung 2019; Maike Rupp als weitere Geschäftsführerin eingetragen; Website nennt Fritz Rupp für persönliche Besichtigungen","Firmenwebsite rupp-umzuege.ch, search.ch, local.ch","Privat- und Geschäftsumzüge, Klavier-/Flügeltransporte, Tresorumzüge, Möbeltransporte schweizweit, Räumungen, Entsorgung, Möbeleinlagerung",3,"Technisch einfache, optisch veraltete Umsetzung (Stand ca. Mitte 2010er) ohne erkennbare Mobiloptimierung; kein Kontakt- oder Offertenformular; das Video ist nur als roher Link statt als eingebetteter Player hinterlegt; keine Copyright-/Aktualitätsangabe; keine Kundenbewertungen eingebunden","Der Inhaber macht Besichtigungen persönlich – dieses starke Vertrauensargument ist online kaum inszeniert, und Klavier-/Tresortransporte haben keine eigene Seite.",Website Business,2790,SEO; Funnel; Google-Bewertungen-AI-Agent,"SEO – Klavier- und Tresortransporte sind margenstarke Nischenbegriffe ohne eigene Landingpage. Funnel – ohne Formular ist die Besichtigungsanfrage nicht digitalisiert. Google-Bewertungen-AI-Agent – seit 2014 aktiv, Bewertungen werden nicht sichtbar gemacht.",Ja,Pressemitteilungen auf der Website eingebunden; keine Kundenbewertungen sichtbar.,"Sie kommen für die Besichtigung persönlich vorbei – online kann man diesen Termin aber nirgends anfragen, es gibt kein Formular.",Noch nicht angerufen,Offen,,Offen,,,Nein,,,,,Erstkontakt Opener-Call,,0,Neuer Lead,
BE-013,A,9,ABC Umzüge GmbH,Franz,Kammermann,Gesellschafter & Vorsitzender der Geschäftsführung,Allmendingen bei Bern / Gümligen,"Feldmattweg 27, 3112 Allmendingen b. Bern (Postfach 135, 3073 Gümligen)",031 951 05 27,"079 410 37 15 (Mobilnummer, öffentlich als Firmenkontakt publiziert)",info@abc-umzuege.ch,http://www.abc-umzuege.ch,"Handelsregister BE / Moneyhouse (UID CHE-113.386.962), Eintrag 19.01.2007; Sophie Gujer als weitere Gesellschafterin & Geschäftsführerin eingetragen","Firmenwebsite abc-umzuege.ch, search.ch, local.ch","Privat- und Geschäftsumzüge, Transporte, Möbelmontage/-demontage, Packmaterial und Packpersonal, Kurz- und Langzeitlagerung, Entsorgung, Räumungen, Umzugs- und Baureinigung",4,"Kein Offertenformular auf der Startseite, nur ein allgemeiner Kontakt-Button; keine Kundenbewertungen, Referenzen, Auszeichnungen oder Angaben zur Firmengeschichte trotz Handelsregistereintrag seit 2007; keine Copyright-/Aktualitätsangabe; keine Inhaber-/Teamdarstellung; sehr dünne Vertrauensebene insgesamt",Seit 2007 im Handelsregister mit einem sehr vollständigen Umzugsportfolio – online fehlt jeder Beleg für diese Erfahrung.,Website Business,2790,Google-Bewertungen-AI-Agent; Funnel; SEO,Google-Bewertungen-AI-Agent – fast 20 Jahre Kundenkontakt ohne eine einzige sichtbare Bewertung ist der grösste ungenutzte Vertrauenshebel. Funnel – der Weg zur Offerte ist unnötig lang. SEO – Lagerung und Baureinigung sind eigene Suchintentionen ohne eigene Seite.,Ja,Facebook-Verlinkung vorhanden; keine Bewertungen auf der Website eingebunden.,"Sie sind seit 2007 im Handelsregister, aber auf Ihrer Website findet sich keine einzige Kundenbewertung und kein Hinweis auf diese Erfahrung.",Noch nicht angerufen,Offen,,Offen,,,Nein,,,,,Erstkontakt Opener-Call,,0,Neuer Lead,
BE-018,A,8,MoveEx GmbH,Elif,Korkmaz,Geschäftsführung (auf Firmenwebsite als Verantwortliche genannt),Bern,"Jupiterstrasse 47, 3015 Bern",031 525 75 88,"076 526 53 31 (Mobilnummer, auf der Firmenwebsite publiziert)",info@moveex.ch,https://www.moveex.ch,Firmenwebsite moveex.ch (Unternehmensversprechen namentlich gezeichnet),"Firmenwebsite moveex.ch, search.ch, local.ch","Umzüge, Reinigungen, Malerarbeiten",3,"Veraltetes Grundlayout mit minimaler visueller Hierarchie und altmodischer Navigation; Zeichensatzfehler in der Navigation ('ber uns' statt 'Über uns'); sehr dünne Inhalte auf den Leistungsseiten; keine Copyright-/Aktualitätsangabe; keine Bewertungen, Referenzen oder Teamdarstellung","Drei klar abgrenzbare Geschäftsfelder (Umzug, Reinigung, Malerarbeiten), die online als eine unstrukturierte Masse erscheinen.",Website Essential,1790,SEO; Funnel,"SEO – die dünnen Leistungsseiten und Zeichensatzfehler verhindern Rankings für 'Umzugsfirma Bern'. Funnel – die 'Online Offerte' ist nur ein Hinweis, kein strukturierter Anfrageprozess.",Ja,Nicht gefunden – keine Bewertungen auf der Website eingebunden.,In Ihrer Navigation steht durch einen Zeichensatzfehler 'ber uns' statt 'Über uns' – und Ihre drei Geschäftsfelder sind online kaum voneinander abgegrenzt.,Noch nicht angerufen,Offen,,Offen,,,Nein,,,,,Erstkontakt Opener-Call,,0,Neuer Lead,
BE-021,A,8,uurs umzug und reinigung schweiz GmbH,Milenko,Mitrovic,Geschäftsführer,Langenthal,"Gaswerkstrasse 33, 4900 Langenthal",062 923 54 54,Nicht gefunden,info@uurs.ch,https://www.uurs.ch,"Handelsregister BE / Northdata, Moneyhouse (UID CHE-288.405.147), Eintrag 19.11.2024","Firmenwebsite uurs.ch, search.ch, local.ch","Umzüge, Umzugsreinigung, Unterhalts- und Gewerbereinigung, Räumungen, Liegenschaftsunterhalt, Malerarbeiten",3,"Veraltetes Layout mit flacher visueller Hierarchie und altbackenem Farb-/Schriftbild; keine Copyright-/Aktualitätsangabe; keine Team- oder Inhaberdarstellung; das grosse Einzugsgebiet (BE, SO, BS, LU, AG, JU) wird auf der Seite nicht prominent dargestellt; Cookie-Hinweis nicht sauber umgesetzt",Bedient sechs Kantone und hat 2024er-Kundenstimmen – die Website transportiert diese Reichweite und Aktualität nicht.,Website Business,2790,SEO; Funnel,"SEO – ein Einzugsgebiet über sechs Kantone ohne Regionenseiten verschenkt sehr viel organischen Traffic. Funnel – die Angebotsanfrage ist nur ein Navigationslink, kein durchdachter Anfrageprozess.",Ja,Kundenstimmen aus 2024 auf der Website vorhanden; Transportlizenz-Logo eingebunden.,"Sie arbeiten in sechs Kantonen – auf Ihrer Website ist das aber nirgends abgebildet, und optisch wirkt der Auftritt deutlich älter als Ihre Kundenstimmen von 2024.",Noch nicht angerufen,Offen,,Offen,,,Nein,,,,,Erstkontakt Opener-Call,,0,Neuer Lead,
BE-025,A,8,Bütikofer Umzüge und Transporte,Andreas,Bütikofer,Inhaber (Einzelunterschrift),Oberburg,"Brunnmattstrasse 7, 3414 Oberburg",078 201 30 70,"078 201 30 70 (Mobilnummer, als Firmenkontakt publiziert)",andreasbuetikofer1@gmx.ch,https://www.xn--btikofer-umzug-gsb.ch (bütikofer-umzug.ch),"Handelsregister BE / Moneyhouse (UID CHE-458.076.264), Andreas Bütikofer als Inhaber mit Einzelunterschrift","Firmenwebsite bütikofer-umzug.ch, search.ch, local.ch","Umzüge, Hausräumungen, Spezialtransporte, Entsorgung und Recycling",4,"Geschäftskorrespondenz läuft über eine private GMX-Freemail-Adresse statt über eine Domain-E-Mail; kein Offerten- oder Kostenvoranschlagsformular auf der Startseite; keine Kundenbewertungen oder Referenzen; keine Copyright-/Aktualitätsangabe; der Inhaber wird auf der Seite nicht namentlich vorgestellt, obwohl er der Betrieb ist",Junger Einzelbetrieb (2025) mit Umlaut-Domain – ein professioneller Auftritt inklusive Domain-E-Mail würde die Preisdurchsetzung sofort verbessern.,One-Pager,990,SEO; Funnel,SEO – als Neugründung 2025 ist lokale Auffindbarkeit in Oberburg/Burgdorf/Emmental der entscheidende Wachstumshebel. Funnel – ohne Offertenformular kommt jede Anfrage nur telefonisch zustande.,Ja,Qualitätssiegel auf der Website eingebunden; keine Kundenbewertungen sichtbar.,"Ihre Geschäftsmails laufen noch über eine GMX-Adresse und die Website hat kein Offertenformular – für einen Betrieb, der 2025 gestartet ist, ist das schnell behoben.",Noch nicht angerufen,Offen,,Offen,,,Nein,,,,,Erstkontakt Opener-Call,,0,Neuer Lead,
BE-026,A,8,Eckhart Service GmbH,Peter,Eckhart,Gesellschafter & Vorsitzender der Geschäftsführung,Worblaufen (HR-Sitz Bolligen),"Altikofenstrasse 54, 3048 Worblaufen",031 368 16 16,Nicht gefunden,Nicht gefunden auf der Startseite,https://eckhart-service.ch,Handelsregister BE / Moneyhouse; Urs Norbert Eckhart als weiterer Gesellschafter & Geschäftsführer eingetragen; Gründung 2000 durch zwei Brüder,"search.ch, local.ch (Telefonnummer); Startseite ohne Kontaktdaten","Umzüge, Seniorenumzüge, Einpackhilfe, Transporte, Einlagerung, Räumungen, Entsorgung, Reinigungsarbeiten",4,"Auf der Startseite fehlen Telefonnummer, E-Mail und Adresse vollständig; kein Offerten- oder Anfrageformular; kein Preisrahmen oder Kostenhinweis; unklarer Navigationspunkt 'Mehr'; keine Kundenbewertungen oder Referenzen trotz über 20 Jahren Marktpräsenz und Zusammenarbeit mit sozialen Institutionen","Über 20 Jahre am Markt, arbeitet mit sozialen Institutionen und ist auf Seniorenumzüge spezialisiert – die Startseite gibt Interessenten aber keinen einzigen Kontaktweg.",Website Business,2790,Funnel; SEO; Google-Bewertungen-AI-Agent,"Funnel – ohne Kontaktdaten und ohne Formular auf der Startseite bricht die Conversion sofort ab. SEO – Seniorenumzüge und Räumungen sind eigene Suchintentionen ohne eigene Seite. Google-Bewertungen-AI-Agent – langjährige Zusammenarbeit mit Institutionen liefert ideale Bewertungsgrundlage, die ungenutzt bleibt.",Ja,Keine Bewertungen auf der Website; Zusammenarbeit mit sozialen Institutionen wird nur textlich erwähnt.,"Auf Ihrer Startseite steht weder Telefonnummer noch E-Mail noch Adresse – bei Seniorenumzügen, wo Vertrauen alles ist, ist das eine echte Hürde.",Noch nicht angerufen,Offen,,Offen,,,Nein,,,,,Erstkontakt Opener-Call,,0,Neuer Lead,
BE-027,A,8,Goldenstar Umzug GmbH,Mostafa,Rashid,Gesellschafter & Geschäftsführer (Einzelunterschrift),Biel/Bienne,"Calvin-Weg 11, 2504 Biel/Bienne",078 300 81 80,"078 300 81 80 (Mobilnummer, als Firmenkontakt publiziert)",Nicht gefunden,https://goldenstar-umzug.ch,"Handelsregister BE / Moneyhouse, Gründung 2022 bzw. Geschäftsaufnahme Februar 2023","Firmenwebsite goldenstar-umzug.ch, search.ch, local.ch","Umzüge für Private und Firmen, Umzugsreinigung, Offerten innert 24 Stunden",4,"Keine E-Mail-Adresse auf der Website hinterlegt (nur Telefon und Formular); Copyright-Angabe 2023, die Seite wirkt seither nicht gepflegt; keine Kundenbewertungen, Referenzen, Erfahrungsangaben oder Versicherungsnachweise; keine Handelsregister-/UID-Angabe; sehr geringe Inhaltstiefe","Verspricht Offerten innert 24 Stunden – ein starkes Versprechen, das ohne Vertrauenselemente und ohne E-Mail-Kanal kaum Wirkung entfaltet.",Website Essential,1790,Google-Bewertungen-AI-Agent; Funnel; SEO,"Google-Bewertungen-AI-Agent – als junges Unternehmen ohne sichtbare Bewertungen fehlt genau das Vertrauenselement, das den Abschluss bringt. Funnel – das 24-Stunden-Offertenversprechen sollte in einen sauberen, messbaren Prozess überführt werden. SEO – Biel/Bienne verlangt eine zweisprachige lokale Struktur, die aktuell fehlt.",Ja,Keine Bewertungen auf der Website; Verzeichniseinträge auf local.ch vorhanden.,"Sie versprechen eine Offerte innert 24 Stunden, zeigen aber keine einzige Kundenbewertung – und eine E-Mail-Adresse fehlt auf der Seite ganz.",Noch nicht angerufen,Offen,,Offen,,,Nein,,,,,Erstkontakt Opener-Call,,0,Neuer Lead,
BE-028,A,8,HAK Transporte GmbH,Burhanettin,Kilic,Gesellschafter & Geschäftsführer,Bern,"Lorrainestrasse 30, 3013 Bern",031 333 81 82,Nicht gefunden,Nicht gefunden (nur Kontaktformular),https://haktransporte.ch,"Handelsregister BE / Moneyhouse, business-monitor.ch (UID CHE-114.392.528); Lilian Huguenin als weitere Gesellschafterin/Geschäftsführerin eingetragen","search.ch, local.ch (Telefonnummer); Website nennt keine Kontaktdaten","Firmenumzüge, Privatumzüge, Schwer- und Spezialtransporte mit Möbellift, Einlagerung, Reinigung mit Abgabegarantie",4,"Auf der Startseite ist weder eine Telefonnummer noch eine E-Mail-Adresse hinterlegt; keine vollständige Firmenadresse des Berner Sitzes; kein Inhaber/Verantwortlicher genannt; das eingebundene Video lässt sich nicht abspielen ('Browser unterstützt die Videowiedergabe nicht'); keinerlei Kundenbewertungen, Referenzen oder Zertifikate trotz über 20 Jahren Marktpräsenz","Positioniert sich klar auf Firmenumzüge – ein B2B-Segment, das mit Referenzen und einer sauberen Kontaktstrecke deutlich besser verkauft würde.",Website Business,2790,Funnel; Autonomous-Website-Lead-Scraper; SEO,Funnel – ohne Telefonnummer und E-Mail auf der Seite ist der Offertenweg unnötig lang. Autonomous-Website-Lead-Scraper – das Unternehmen positioniert sich explizit auf Firmen- und Büroumzüge und kann aktiv B2B-Neukunden suchen. SEO – 'Firmenumzug Bern' und 'Büroumzug' sind wertvolle Suchbegriffe ohne eigene Landingpage.,Ja,Keine Bewertungen auf der Website; Google-/Verzeichniseinträge vorhanden.,"Auf Ihrer Startseite steht keine Telefonnummer und keine E-Mail-Adresse, und Ihr Video lässt sich nicht abspielen – bei Firmenumzügen ist das ein teurer Reibungspunkt.",Noch nicht angerufen,Offen,,Offen,,,Nein,,,,,Erstkontakt Opener-Call,,0,Neuer Lead,
BE-030,A,8,Power Umzug GmbH,Veysel,Duyar,Gesellschafter & Geschäftsführer (Einzelunterschrift),Bern,"Wankdorffeldstrasse 92, 3014 Bern",031 511 30 03,Nicht gefunden,info@powerumzug.ch,https://powerumzug.ch,"Handelsregister BE / Tiger.ch, Moneyhouse (UID CHE-114.328.950), Gründung 02.06.2008","Firmenwebsite powerumzug.ch, search.ch, local.ch","Privat- und Geschäftsumzüge, Umzugshilfe, Möbeltransporte, Entsorgung, Räumungen, Reinigung mit Abgabegarantie, Malerarbeiten",4,"Die Startseite enthält keine H1-Hauptüberschrift – eine grundlegende SEO- und Struktur-Schwäche; auf der Startseite ist kein Formular eingebunden, obwohl Offerten beworben werden; Copyright-Angabe 2026 (Template-Fehler); die Seite lädt über 280 KB reinen HTML-Code auf einer Seite, was auf eine unstrukturierte One-Page-Ablage hindeutet; kein Inhaber/Verantwortlicher auf der Seite genannt","Seit 2008 im Handelsregister mit vier Geschäftsfeldern – die Website ist technisch so gebaut, dass Google die Struktur kaum lesen kann.",Website Business,2790,SEO; Funnel; Google-Bewertungen-AI-Agent,"SEO – eine Startseite ohne H1 und mit über 280 KB Einzelseiten-Code ist strukturell kaum rankingfähig; hier ist der Hebel am grössten. Funnel – ohne eingebundenes Formular geht Traffic ungenutzt verloren. Google-Bewertungen-AI-Agent – seit 2008 am Markt, ohne sichtbares Bewertungsmanagement.",Ja,Verzeichnis- und Bewertungsportaleinträge vorhanden; auf der Website keine Bewertungen strukturiert eingebunden.,"Ihre Startseite hat gar keine Hauptüberschrift (H1) – Google kann dadurch kaum erkennen, wofür Sie in Bern stehen.",Noch nicht angerufen,Offen,,Offen,,,Nein,,,,,Erstkontakt Opener-Call,,0,Neuer Lead,
BE-032,A,8,PS Umzug AG,Rashid,Abdullah,Mitglied der Geschäftsleitung / Verwaltungsrat,Steffisburg,"Bahnhofstrasse 85, 3613 Steffisburg",0800 800 255,"079 821 97 35 (Mobilnummer, auf der Firmenwebsite publiziert)",info@ps-umzug.ch,https://ps-umzug.ch,"Handelsregister BE / Moneyhouse, business-monitor.ch (UID CHE-321.940.577), Gründung 15.06.2021; Govand Abdullah-Mero als Zeichnungsberechtigter eingetragen","Firmenwebsite ps-umzug.ch, search.ch, local.ch","Privat-, Geschäfts- und internationale Umzüge, Reinigung, Entsorgung, Einlagerung, Transporte, Räumungen",5,"Der Bereich für Kundenstimmen ist angelegt, aber leer; keine Zertifikate, Verbandsmitgliedschaften oder Qualitätsnachweise; kein Inhaber/Verantwortlicher und keine Teamdarstellung; Copyright-Angabe 2023; die verlinkten Detailseiten zu den Leistungen sind inhaltlich nicht ausgebaut; sehr aufdringliche Cookie-Einwilligung",AG mit Gratisnummer 0800 und internationalem Angebot – die leere Referenzsektion untergräbt genau diese Professionalität.,Website Business,2790,Google-Bewertungen-AI-Agent; Funnel; SEO,"Google-Bewertungen-AI-Agent – die Referenzsektion ist angelegt, aber leer; systematisch gesammelte Bewertungen füllen sie sofort. Funnel – die Offertenstrecke ist vorhanden, aber ohne Vertrauensebene schwach. SEO – die Leistungsseiten sind inhaltlich zu dünn für Rankings in Thun/Steffisburg.",Ja,"Referenz-/Kundenstimmenbereich vorhanden, jedoch ohne Inhalt; Verzeichniseinträge vorhanden.","Auf Ihrer Website ist ein Bereich für Kundenstimmen angelegt, aber komplett leer – gerade bei internationalen Umzügen ist das der wichtigste Vertrauensbeweis.",Noch nicht angerufen,Offen,,Offen,,,Nein,,,,,Erstkontakt Opener-Call,,0,Neuer Lead,
BE-033,A,8,"Profix Reinigungen, Umzüge & Transporte AG",Muhamet,Pepaj,Verwaltungsrat & Geschäftsführer (Einzelunterschrift),Gwatt (Thun),"Spiezstrasse 25, 3645 Gwatt (Thun)",033 335 39 85,"079 195 29 42 (Mobilnummer, auf der Firmenwebsite als 24/7-Nummer publiziert)",info@profix-reinigungen.ch,https://www.profix-reinigungen.ch,"Handelsregister BE / Northdata, business-monitor.ch (UID CHE-378.530.277), Gründung 28.04.2020; auf der Website als 'M. Pepaj, Geschäftsführer' ausgewiesen","Firmenwebsite profix-reinigungen.ch, search.ch, local.ch","Umzüge, Transporte, Einlagerung, Räumungen/Entsorgung, Wohnungs- und Gewerbereinigung, Umzugsreinigung, Fensterreinigung, Baureinigung, Umgebungsunterhalt",5,"Der Newsbereich enthält als jüngste Beiträge Corona-Meldungen von März 2020 – die Seite wirkt inhaltlich seit fünf Jahren stehengeblieben; Copyright-Angabe 2020; Tippfehler in einer Navigations-URL ('renigung-checkliste'); die Umzugsleistungen sind gegenüber der Reinigung deutlich untergewichtet, obwohl Umzug im Firmennamen steht","Der Firmenname führt 'Umzüge und Transporte', die Website verkauft aber fast ausschliesslich Reinigung – ein klar getrennter Umzugs-Auftritt würde ein zweites Standbein sichtbar machen.",Website Business,2790,SEO; Funnel; Google-Bewertungen-AI-Agent,"SEO – 'Umzugsfirma Thun' wird trotz Firmenname praktisch nicht bedient, weil die Umzugsseiten fehlen. Funnel – der Offertenrechner ist vorhanden, aber nur auf Reinigung ausgelegt. Google-Bewertungen-AI-Agent – Google-Kundenstimmen sind bereits eingebunden und könnten systematisch ausgebaut werden.",Ja,Google-Kundenstimmen auf der Website eingebunden; Referenzenseite vorhanden.,"Ihr Firmenname führt Umzüge und Transporte, Ihre Website verkauft aber fast nur Reinigung – und der Newsbereich zeigt noch Corona-Meldungen von März 2020.",Noch nicht angerufen,Offen,,Offen,,,Nein,,,,,Erstkontakt Opener-Call,,0,Neuer Lead,
BE-034,A,8,Schubi's Zügelbox GmbH,Axel Ernst,Schubert,Gesellschafter & Geschäftsführer (Einzelunterschrift),Brügg BE,"Industriestrasse 37a, 2555 Brügg BE (Zweitstandort: Seestrasse 16, 3600 Thun)",076 490 95 64,"076 490 95 64 (Mobilnummer, als Firmenkontakt publiziert)",info@zuegel.ch,https://zuegel.ch,Handelsregister BE / Moneyhouse (UID CHE-328.369.181); Impressum der Firmenwebsite,"Firmenwebsite zuegel.ch (Impressum), search.ch, local.ch","Umzüge, Transporte, Entsorgung, Einlagerung, Packmaterial, Fahrzeug- und Gerätemiete, Reinigung, Möbelmontage, Umzugsbewilligungen, Aktenvernichtung, internationale Zollabwicklung",5,"Kein Offertenformular auf der Startseite eingebunden, obwohl auf ein Formular verwiesen wird; keine Copyright-/Aktualitätsangabe; kein Geschäftsführer auf der Website genannt; der Mitarbeiter-Login verweist auf einen Staging-Server, was unprofessionell und aus Sicherheitssicht heikel wirkt; keine Kundenbewertungen eingebunden","Sehr ungewöhnlich breites Portfolio inkl. Umzugsbewilligungen, Aktenvernichtung und Zollabwicklung – ein klares B2B-Profil, das online nicht als solches verkauft wird.",Website Business,2790,Funnel; Autonomous-Website-Lead-Scraper; SEO,"Funnel – auf der Startseite ist trotz Verweis kein Formular eingebunden. Autonomous-Website-Lead-Scraper – Aktenvernichtung, Umzugsbewilligungen und Zollabwicklung sind klassische B2B-Leistungen, für die aktiv Firmenkunden gesucht werden können. SEO – zwei Standorte (Brügg und Thun) ohne eigene Standortseiten.",Ja,Keine Bewertungen auf der Website; Social-Media- und WhatsApp-Kanäle verlinkt.,Ihr Mitarbeiter-Login zeigt noch auf einen Staging-Server und auf der Startseite fehlt das Offertenformular – dabei wären Aktenvernichtung und Zollabwicklung starke B2B-Argumente.,Noch nicht angerufen,Offen,,Offen,,,Nein,,,,,Erstkontakt Opener-Call,,0,Neuer Lead,
BE-035,A,8,Umzug Unit GmbH,Gurpreet,Singh,Geschäftsführer,Lyss,"Grenzstrasse 31, 3250 Lyss",032 310 70 60,"078 935 82 82 (Mobilnummer, auf der Firmenwebsite publiziert)",info@umzug-unit.ch,https://www.umzug-unit.ch,"Handelsregister BE / Moneyhouse (UID CHE-403.789.828), Eintrag 11.11.2024","Firmenwebsite umzug-unit.ch, search.ch, local.ch","Haushalt- und Firmenumzüge, Büroumzüge, nationale und internationale Transporte, Haushaltsreinigung",5,"Keine Kundenbewertungen, Referenzen oder Zertifikate; keine Inhaber-/Teamdarstellung; keine Copyright-/Aktualitätsangabe im Fussbereich; keine Angaben zu Reaktionszeiten oder Preisrahmen trotz beworbener Offerten; keine Handelsregister-/UID-Angabe","Junges, professionell wirkendes Unternehmen mit klar benanntem Geschäftsführer – es fehlt ausschliesslich die Vertrauensebene, um Offerten in Aufträge zu wandeln.",Website Essential,1790,Google-Bewertungen-AI-Agent; SEO,Google-Bewertungen-AI-Agent – als Neugründung von 2024 ist der Aufbau sichtbarer Bewertungen der schnellste Vertrauenshebel. SEO – Lyss/Seeland und Biel sind gut besetzbare lokale Suchräume ohne eigene Standortseiten.,Ja,Keine Bewertungen auf der Website; Verzeichniseinträge auf local.ch/search.ch vorhanden.,"Ihre Website macht optisch einen guten Eindruck, zeigt aber keine einzige Kundenbewertung – bei einer Firma, die 2024 gestartet ist, ist genau das der Knackpunkt.",Noch nicht angerufen,Offen,,Offen,,,Nein,,,,,Erstkontakt Opener-Call,,0,Neuer Lead,
BE-036,A,8,Walter Lörtscher Umzüge + Transport GmbH,Walter,Lörtscher,Inhaber/Namensgeber (Rolle laut Firmierung; HR-Personendaten nicht verifiziert),Biel/Bienne,"Johann-Renfer-Strasse 7, 2504 Biel/Bienne",032 322 16 56,"079 414 72 72 (Mobilnummer, auf der Firmenwebsite publiziert)",info@loertscher.ch,https://loertscher-transport.ch,Firmierung 'Walter Lörtscher Umzüge & Transporte' / 'Lörtscher Umzüge + Transport GmbH' laut Firmenwebsite und search.ch; die aktuelle HR-Geschäftsführung ist öffentlich nicht eindeutig belegt,"Firmenwebsite loertscher-transport.ch, search.ch","Privatumzüge, Firmenumzüge, Spezialtransporte, Möbellift bis 12. Stock, Einlagerung, Entsorgung/Muldenservice, Reinigung, Fahrzeugvermietung",5,"Kein Offerten- oder Anfrageformular auf der gesamten Seite, Kontakt nur über eine Kontaktseite; Copyright-Angabe 2026 (Template-Fehler); kein Inhaber/Verantwortlicher genannt; Formatierungsfehler in der Navigation ('Offene Job`s' mit Backtick); keine Kundenbewertungen eingebunden",ASTAG-Mitglied mit Möbellift bis 12. Stock und Fahrzeugvermietung – ohne Online-Offerte bleibt diese Ausstattung ein reines Telefonargument.,Website Business,2790,Funnel; SEO; Google-Bewertungen-AI-Agent,"Funnel – auf der ganzen Website gibt es keine Möglichkeit, online eine Offerte anzufordern. SEO – Biel/Bienne verlangt eine zweisprachige lokale Struktur, die fehlt. Google-Bewertungen-AI-Agent – etablierter ASTAG-Betrieb ohne sichtbares Bewertungsmanagement.",Ja,ASTAG-Mitgliedschaft ausgewiesen; keine Kundenbewertungen auf der Website eingebunden.,"Auf Ihrer Website kann man nirgends online eine Offerte anfordern – bei einem Möbellift bis in den 12. Stock ist das ein Argument, das Sie digital verschenken.",Noch nicht angerufen,Offen,,Offen,,,Nein,,,,,Erstkontakt Opener-Call,,0,Neuer Lead,
BE-037,A,8,Zügel-Farm Team GmbH,Andrin,Schmutz,Gesellschafter & Geschäftsführer,Gasel (Gemeinde Köniz),"Mengestorfbergstrasse 190, 3144 Gasel",031 521 96 67,Nicht gefunden,info@zuegelfarmteam.ch,https://zuegelfarmteam.ch,"Handelsregister BE / Moneyhouse, business-monitor.ch (UID CHE-295.968.622), Gründung 2013; zusätzlich auf der Firmenwebsite im Kontaktbereich genannt","Firmenwebsite zuegelfarmteam.ch, search.ch, local.ch","Privatumzüge im In- und Ausland, Klaviertransporte, Transporte, Möbelmontage/-demontage, Geschäfts- und Büroumzüge, Räumungen, Entsorgung",5,"Keine vollständige Strassenadresse mit Postleitzahl auf der Website; keine Handelsregister-/UID-Angabe; keine Öffnungszeiten; keine Copyright-/Aktualitätsangabe; keine Kundenbewertungen, Referenzen oder Zertifikate; die Felder des Kontaktformulars sind nicht auf eine Offertenanfrage zugeschnitten",Seit 2013 im Handelsregister mit namentlich sichtbarem Geschäftsführer – es fehlt ausschliesslich die Vertrauens- und Conversion-Ebene.,Website Essential,1790,Google-Bewertungen-AI-Agent; Funnel; SEO,Google-Bewertungen-AI-Agent – über zehn Jahre Kundenkontakt ohne eine sichtbare Bewertung ist der grösste ungenutzte Hebel. Funnel – das Kontaktformular ist nicht als Offertenstrecke aufgebaut. SEO – Köniz/Bern-Süd ist ein klar abgrenzbarer lokaler Markt ohne eigene Seitenstruktur.,Ja,Keine Bewertungen auf der Website; Verzeichniseinträge und Bewertungsportal-Einträge vorhanden.,"Sie sind seit 2013 unterwegs, aber auf der Website fehlen Adresse, Öffnungszeiten und jede Kundenbewertung – dabei stehen Sie mit Ihrem Namen dahinter.",Noch nicht angerufen,Offen,,Offen,,,Nein,,,,,Erstkontakt Opener-Call,,0,Neuer Lead,
BE-038,A,8,Melian's Umzüge & Reinigungen GmbH,Masar,Berisha,Gesellschafter & Geschäftsführer,Thun,"Scheibenstrasse 63, 3600 Thun",076 320 20 21,"076 320 20 21 (Mobilnummer, als Firmenkontakt publiziert)",info@melians-umzuege.ch,https://www.melians-umzuege.ch,"Handelsregister BE / Moneyhouse, business-monitor.ch (UID CHE-328.277.780), Gründung 2022","Firmenwebsite melians-umzuege.ch, search.ch, local.ch","Umzüge, Reinigung, Möbeleinlagerung, Autovermietung, Entsorgung, Klaviertransporte, Räumungen, Zwischenlagerung",6,"Widersprüchliche Adressangaben zwischen Kopf- und Fussbereich (Scheibenstrasse 63, 3600 Thun gegenüber Schorenstrasse 48, 3645); Copyright-Angabe 2026 (Template-Fehler); kein Geschäftsführer auf der Website genannt; das Offertenformular wird verlinkt, ist aber nicht sichtbar eingebunden; mehrere Verweise auf fremde Domains lassen die Markenführung unklar erscheinen",4.9 aus 116 Bewertungen und CHF 10 Mio. Versicherungsdeckung – zwei widersprüchliche Adressen auf derselben Seite stellen genau diese Seriosität in Frage.,Website Business,2790,Google-Bewertungen-AI-Agent; Funnel; SEO,"Google-Bewertungen-AI-Agent – mit 4.9 aus 116 Bewertungen ist eine sehr starke Basis vorhanden, die konsequent beantwortet und ausgebaut werden sollte. Funnel – das Offertenformular ist nur verlinkt, nicht eingebunden. SEO – die Verweise auf mehrere Fremddomains verwässern die eigene Domainstärke.",Ja,4.9 von 5 Sternen bei 116 Bewertungen mit datierten Kundenstimmen auf der Website; Versicherungsdeckung bis CHF 10 Mio. ausgewiesen.,Auf Ihrer Website stehen im Kopf und im Fuss zwei verschiedene Adressen – bei 4.9 Sternen aus 116 Bewertungen ist das ein unnötiger Stolperstein.,Noch nicht angerufen,Offen,,Offen,,,Nein,,,,,Erstkontakt Opener-Call,,0,Neuer Lead,
BE-039,B,7,A Swift Umzug & Reinigung GmbH,Ramazan,Akman,Gesellschafter & Geschäftsführer,Gwatt (Thun),"Chanderbrügg 31, 3645 Gwatt (Thun)",033 336 82 47,"077 991 39 91 (Mobil-/WhatsApp-Nummer, auf der Firmenwebsite publiziert)",info@aswiftumzug.ch,https://www.aswiftumzug.ch,"Handelsregister BE / Moneyhouse, business-monitor.ch (UID CHE-456.374.733), Gründung 11.01.2024","Firmenwebsite aswiftumzug.ch, search.ch, local.ch","Umzüge, Reinigung, Entsorgung, Einlagerung, Möbelmontage",5,Copyright-Angabe 2026 (Template-Fehler bei einem 2024 gegründeten Unternehmen); kein eingebettetes Offertenformular auf der Startseite trotz beworbener Gratisofferte; kein Geschäftsführer auf der Website genannt; sehr knappe Leistungsbeschreibungen ohne Detailseiten; keine Kundenbewertungen oder Referenzen,Erst 2024 gegründet und optisch bereits ordentlich – mit Vertrauenselementen und einem echten Offertenprozess wäre das Wachstum deutlich planbarer.,Website Essential,1790,Google-Bewertungen-AI-Agent; Funnel; SEO,"Google-Bewertungen-AI-Agent – bei einer Gründung von 2024 entscheiden sichtbare Bewertungen über den Zuschlag. Funnel – die Gratisofferte wird beworben, aber nicht als Formular angeboten. SEO – Thun/Gwatt/Steffisburg ist ein dichter Markt, in dem Sichtbarkeit über den Auftrag entscheidet.",Ja,Keine Bewertungen auf der Website; Einträge auf Vergleichsportalen vorhanden.,"Sie bewerben eine kostenlose Offerte, es gibt auf der Seite aber kein Formular dafür – und im Fuss steht 2026, obwohl Sie 2024 gestartet sind.",Noch nicht angerufen,Offen,,Offen,,,Nein,,,,,Erstkontakt Opener-Call,,0,Neuer Lead,
BE-044,B,7,Hirschen Umzug GmbH,Delil,Tekin,Geschäftsführer (Einzelunterschrift),Biel/Bienne,"Ohm-Weg 10, 2504 Biel/Bienne (HR-Adresse: Reitschulstrasse 5, 2502 Biel/Bienne)",032 345 10 00,Nicht gefunden,info@hirschenumzug.ch,https://hirschenumzug.ch,"Handelsregister BE / Moneyhouse, business-monitor.ch (UID CHE-473.716.220), Gründung 2022; Ava Azizoska als Vorsitzende der Geschäftsführung eingetragen","Firmenwebsite hirschenumzug.ch, search.ch, local.ch","Privatumzüge, Firmenumzüge, internationale Transporte, Klaviertransporte, Möbellift, Umzugsreinigung, Entsorgung, Einlagerung",6,Mehrere SVG-Platzhalterbilder laden nicht; im Fussbereich fehlt die Jahresangabe ('All Rights Reserved' ohne Jahr); kein Geschäftsführer auf der Website genannt; die beworbene Abnahmegarantie wird nirgends mit Bedingungen oder Versicherungsnachweis unterlegt,5.0 aus 36 Google-Bewertungen ist ein starkes Verkaufsargument – die technischen Bildfehler und die fehlende Absicherung der Garantie bremsen es aus.,Website Business,2790,SEO; Google-Bewertungen-AI-Agent,"SEO – Biel/Bienne verlangt eine zweisprachige Struktur (DE/FR), die aktuell fehlt. Google-Bewertungen-AI-Agent – mit 5.0 aus 36 Bewertungen besteht eine sehr gute Basis, die systematisch ausgebaut und beantwortet werden sollte.",Ja,"5.0 von 5 Sternen bei 36 Google-Bewertungen, auf der Website eingebunden; transparente Preistabellen vorhanden.",Ihre 5.0 aus 36 Google-Bewertungen sind stark – gleichzeitig laden auf der Seite mehrere Bilder nicht und Ihre Abnahmegarantie ist nirgends abgesichert.,Noch nicht angerufen,Offen,,Offen,,,Nein,,,,,Erstkontakt Opener-Call,,0,Neuer Lead,
BE-045,B,7,Kastrati Transport GmbH,Fadil,Kastrati,Gesellschafter & Geschäftsführer (Einzelunterschrift),Biel/Bienne (HR-Sitz Orpund),"Johann-Renfer-Strasse 62, 2504 Biel/Bienne (HR-Sitz: Lindenstrasse 12, 2552 Orpund)",079 813 23 47,"079 813 23 47 (Mobilnummer, als Firmenkontakt publiziert)",kastratitransport@hotmail.com,https://www.kastratitransport.ch,"Handelsregister BE / Moneyhouse, handelsregister.help.ch (UID CHE-463.167.487)","Firmenwebsite kastratitransport.ch, search.ch, local.ch","Umzüge, Transporte und Logistik, Entsorgung und Entrümpelung, Autotransporte",6,Geschäftskorrespondenz läuft über eine Hotmail-Freemail-Adresse statt über eine Domain-E-Mail; keine Copyright-/Aktualitätsangabe; kein Geschäftsführer und keine Handelsregister-/UID-Angabe auf der Website; die genannte Zahl '500+ Umzüge' ist nicht mit einer Quelle unterlegt,Optisch guter Auftritt mit Kundenstimmen – die Hotmail-Adresse zerstört den professionellen Eindruck genau im Moment der Kontaktaufnahme.,Website Essential,1790,Google-Bewertungen-AI-Agent; SEO,"Google-Bewertungen-AI-Agent – die angegebenen 500+ Umzüge sollten durch echte, öffentlich sichtbare Bewertungen belegt werden. SEO – Biel/Bienne braucht eine zweisprachige Struktur (DE/FR), die aktuell fehlt.",Ja,Kundenstimmen mit Namen auf der Website eingebunden; kein Google-Bewertungswidget.,"Ihre Website macht einen guten Eindruck, aber Ihre Geschäftsmails laufen noch über eine Hotmail-Adresse – das fällt Firmenkunden sofort auf.",Noch nicht angerufen,Offen,,Offen,,,Nein,,,,,Erstkontakt Opener-Call,,0,Neuer Lead,
BE-046,B,7,La Glaneuse – Umzüge und Brocki (Gemeinnützige Gesellschaft Biel GGB),Jasna,Röösli,Betriebsleiterin,Biel/Bienne,"Obergasse 13, 2502 Biel/Bienne",032 322 10 43,Nicht gefunden,info@laglaneuse.ch,https://www.ggb-supb.ch/de/umzug-biel/,Newsbereich der Organisationswebsite ggb-supb.ch (Betriebsleiterin seit 2013),"Website ggb-supb.ch, search.ch, local.ch","Umzüge, Wohnungsräumungen, Reinigung, Ein- und Auspackservice, Gratis-Abholung von Gegenständen, Einlagerung, Reparaturwerkstatt, Änderungsschneiderei",6,Copyright-Angabe 2020 – der Auftritt wirkt seit über vier Jahren nicht aktualisiert; auf der Umzugsseite fehlt die vollständige Strassenadresse; die Umzugsdienstleistung ist tief in eine Organisationswebsite eingebettet statt eigenständig positioniert; kein eigener Umzugs-Domainauftritt,"Etablierte Institution mit über 130 Jahren Geschichte, deren kommerzielle Umzugsdienstleistung in einer Vereinswebsite untergeht.",Website Business,2790,SEO; Funnel,"SEO – die Umzugsdienstleistung ist in einer Organisationswebsite vergraben und rankt deshalb nicht für 'Umzugsfirma Biel'. Funnel – die Offertenanfrage ist vorhanden, aber nicht als eigenständige, zweisprachige Conversion-Strecke aufgebaut.",Ja,Kunden werden zur Google-Bewertung aufgefordert; Team- und Preisangaben transparent dargestellt.,"Ihre Umzugsdienstleistung ist auf einer Vereinsseite vergraben, deren Fuss noch 2020 ausweist – als eigenständiger Auftritt wäre sie in Biel viel sichtbarer.",Noch nicht angerufen,Offen,,Offen,,,Nein,,,,,Erstkontakt Opener-Call,,0,Neuer Lead,
BE-047,B,7,REIMAL AG,Ivo,Milos,Geschäftsführer & Mitglied des Verwaltungsrats,Gümligen,"Worbstrasse 201, 3073 Gümligen",031 991 61 66,Nicht gefunden,info@reimal.ch,https://www.reimal.ch,"Handelsregister BE / Moneyhouse, pappers.ch (UID CHE-105.415.828); Davide Fiorito und Peter Rickli als weitere Geschäftsleitungsmitglieder","Firmenwebsite reimal.ch, search.ch, local.ch","Umzüge, Reinigung, Facility Services, Räumungen/Transporte, Liegenschaftsbetreuung, Malerarbeiten, Fahrzeugvermietung",6,Zahlreiche SVG-Grafiken laden nicht und erscheinen als leere Platzhalter; der E-Mail-Link ist falsch beschriftet ('info@email.ch' statt info@reimal.ch); im Fussbereich steht '© . All Rights Reserved' ohne Jahreszahl; einzelne Menüpunkte sind doppelt vorhanden,"ISO-zertifiziert, seit 1998 am Markt und mit Lehrbetrieb – technische Fehler wie ein falscher E-Mail-Link kosten hier direkt Anfragen.",Website Premium,4490,Funnel; SEO; Meta-Agent,Funnel – ein falsch beschrifteter E-Mail-Link mitten in der Kontaktstrecke ist ein direkter Anfrageverlust. SEO – sieben Geschäftsfelder ohne konsequente Seitenstruktur. Meta-Agent – bei dieser Grösse und Zahl an Geschäftsfeldern müssten mehrere Automatisierungen koordiniert zusammenspielen.,Ja,Kundenstimmen sowie ZPK- und Allpura-Gütesiegel auf der Website eingebunden.,Auf Ihrer Website steht als E-Mail-Link 'info@email.ch' statt info@reimal.ch und mehrere Grafiken laden nicht – bei einem ISO-zertifizierten Betrieb fällt das auf.,Noch nicht angerufen,Offen,,Offen,,,Nein,,,,,Erstkontakt Opener-Call,,0,Neuer Lead,
BE-048,B,7,Rund Umzug GmbH,Farzaneh,Mussavi,Gesellschafterin & Vorsitzende der Geschäftsführung (Einzelunterschrift),Thun,"Adlerstrasse 4, 3604 Thun",076 265 80 00,"076 265 80 00 (Mobilnummer, als Firmenkontakt publiziert)",info@rund-umzug.ch,https://rund-umzug.ch,"Handelsregister BE / Moneyhouse, business-monitor.ch (UID CHE-155.457.154), Eintrag 04.02.2025; Nasar Ahmad Akbari als weiterer Geschäftsführer eingetragen","Firmenwebsite rund-umzug.ch, search.ch, local.ch","Umzüge, Umzugsreinigung, Büroumzüge, Entsorgung, Einlagerung, Möbelmontage, Klaviertransporte, Secondhand-Handel",6,"Die beworbenen Kennzahlen ('1000+ Umzüge', '10+ Jahre Erfahrung') stehen im Widerspruch zum Handelsregistereintrag vom Februar 2025 und wirken dadurch unglaubwürdig; kein Geschäftsführer auf der Website genannt; keine Versicherungs- oder Zertifikatsangaben; keine Handelsregister-/UID-Angabe",Optisch bereits solide Seite mit klarer Offertenstrecke – die widersprüchlichen Erfahrungsangaben sind das grösste Vertrauensrisiko.,Website Essential,1790,Google-Bewertungen-AI-Agent; SEO,"Google-Bewertungen-AI-Agent – echte, verifizierbare Bewertungen ersetzen die aktuell unbelegten Erfahrungszahlen. SEO – Thun ist ein umkämpfter lokaler Markt, in dem eine Neugründung Sichtbarkeit aktiv aufbauen muss.",Ja,Auf der Website werden '1000+ Umzüge' und eine Zufriedenheitsgarantie beworben; unabhängig verifizierbare Bewertungen sind nicht eingebunden.,"Ihre Website wirbt mit über 10 Jahren Erfahrung, im Handelsregister sind Sie seit Februar 2025 eingetragen – solche Widersprüche prüfen Kunden heute nach.",Noch nicht angerufen,Offen,,Offen,,,Nein,,,,,Erstkontakt Opener-Call,,0,Neuer Lead,
